Platform,Category,Is New,Source,Partnership Page URL,Contact Email,Commission,Notes,Priority Score
KCEX,Crypto Exchange,Yes,"Google, Twitter",https://www.kcex.com/affiliate/introduce,Apply via page,Up to 80% on trading fees daily,15K+ affiliates. 100M USDT distributed. Volume surged $500M to $7B. No KYC needed. 3-min signup.,10
Toobit,Crypto Exchange,Yes,"Google, Twitter",https://www.toobit.com/affiliates/landing,Apply via page,"Custom KOL rates, Broker Program dual-earning",Broker Program launched March 2026. $150K-$200K USDT campaigns. Crypto Summit 2026 partner. Full expansion mode.,10
Qzino,Crypto Casino (GambleFi),Yes,"Google, Web",https://qzino.ai/affiliate-program,Apply via dashboard,50% RevShare + 5% sub-affiliate + daily profit share + $QZINO tokens,Brand new March 2026. Massive PR push. No geo-restrictions. Tokenized rewards. Low saturation.,10
SuperEx,Crypto Exchange,Yes,"Google, Web",https://support.superex.com/hc/en-001/articles/31224678408217,Apply via page,50-70% fees + $150-$300/month stipend + 15% DAO revenue,Upgraded ambassador program. Monthly USDT subsidies. Low barrier: 100 followers.,10
Paradex,Perp DEX (Starknet),Yes,"Web, LinkedIn",https://docs.paradex.trade/xp-referrals/affiliate-program,Hiring Head of KOL BD,25% taker fees + 1% of $DIME supply bi-weekly (TAP program) + 10% sub-affiliate,Zero-fee perps. Actively hiring Head of KOL/Affiliate BD (Singapore). Pre-TGE. Token-aligned payouts.,10
WEEX,Crypto Exchange,Yes,"Google, Twitter, Web",https://www.weex.com/affiliate,Apply via page,"30-50% standard, up to 70% for KOLs",20K+ affiliates. $300M+ distributed. 500+ KOLs making $50K+/month. 24/7 account manager.,9
CoinW,Crypto Exchange,Yes,"Twitter, Web",https://www.coinw.com/affiliate,Apply via page,"70% commission + $5,000/month cap + $500 cash bonus",Exclusive KOL Club with Bitfunded (luxury events). Also runs PropW crypto prop firm.,9
DigiFinex,Crypto Exchange,Yes,Web,https://support.digifinex.com/hc/en-us/articles/32546885577881,Telegram @DGFN_Christine (Influencer) / @harry_dgf (Derivatives),50% on all transaction fees + $5 USDT per new user,Direct Telegram contacts for fast onboarding. Separate ambassador and KOL programs.,9
BYDFi (BitYard),Crypto Exchange,Yes,Twitter,https://www.bydfi.com/en/partnership/affiliate,Apply via page,Up to 70% commission,MoonX Global KOL Recruitment LIVE. Monthly bounties. 1M+ users in 190 countries. MemeCoin focus.,9
Bitunix,Crypto Derivatives,Yes,"Twitter, LinkedIn",https://www.bitunix.com,Apply via page,Up to 50% daily USDT settlements,"Hiring KOL Manager BD role. No KYC/VPN required. One affiliate onboarded 3,300 users = $135K+.",9
WenCrypto (Maven Trading),Crypto Prop Firm,Yes,Web,https://wencrypto.com,Via Maven Trading affiliate,Likely 8-25% (inherited from Maven),BRAND NEW March 24 2026. Crypto-only prop firm. Accounts $5K-$100K. Zero affiliate saturation.,9
BetFury,Crypto Casino,Yes,Web,https://betfury-affiliate.com/,Via affiliate portal,25-60% RevShare. 50% GUARANTEED first 2 months for ALL partners,100K+ users. $3M+ paid to affiliates. 8K+ games. BFG token. 50% guaranteed intro is aggressive.,9
Flipster,Crypto Exchange,Yes,Web,Apply via Superstars Program,Apply via platform,25% commission for 365 days + up to 100K USDT rewards,$120B annual volume. Flipster Superstars Program for creators. 200 countries.,8
Tapbit,Crypto Exchange,Yes,"Twitter, Yahoo Finance",https://tapbit.gitbook.io/tapbit-exchange/global-partner-program,Contact affiliate team,Up to 30% lifetime cashback,Global Partner Program launched at TOKEN2049 Dubai. Hiring BD/Derivatives KOL $36-60K/year. 4K+ affiliates.,8
BloFin,Crypto Exchange,Yes,Twitter,https://blofin.com/en/affiliates,Apply via page,40-50% tiered. Hourly settlement. 29 levels of sub-affiliates,Hourly payouts (rare). Deepest sub-affiliate structure found (29 levels). Growing derivatives exchange.,8
Coinstore,Crypto Exchange,Yes,Web,https://support.coinstore.vip/hc/en-us/articles/8515820964761,Apply via platform,Up to 60% of transaction fees. 5-tier deep. Daily auto-payouts,Permanent referral binding. Mystery box airdrops. One of highest rates for smaller exchange.,8
Zoomex,Crypto Exchange,Yes,Web,Apply via Whale Affiliate Program,Apply via platform,40% commission + airdrops + token allocations + free trading capital,2M+ customers. Sponsors F1 (MoneyGram Haas). Whale Affiliate Program with free capital.,8
Bitrue,Crypto Exchange,Yes,Web,https://www.bitrue.com/activity/kol,Apply via KOL page,Up to 65% commission. Dedicated KOL page.,Separate KOL page from regular affiliate. XRP-heavy. Exclusive channel events.,8
BTCC,Crypto Exchange,Yes,Web,https://kol.btcc.com,Apply via kol.btcc.com,35-60% tiered. Weekly USDT. Ambassador 4 tiers.,Dedicated KOL portal. Targets YouTube/TikTok creators. $2K-$20K/month earning potential stated.,8
Ostium Protocol,Perp DEX (Arbitrum),Yes,Web,https://www.ostium.com,Not public,5% trading-score boost + referral points + bonus tiers up to 25% at $50M vol,RWA perpetuals (forex/commodities/indices/stocks/crypto). Called 'next Hyperliquid'. Pre-TGE.,8
WOO X / WOOFi,DeFi / CEX / DEX,Yes,Web,https://woox.typeform.com/affiliate,affiliates@woo.network,WOO X: up to 60%. WOOFi Pro: 40%,Dedicated account manager. Early access to features. Both CEX and DEX options.,8
YUBIT,Crypto Exchange,Yes,Twitter,Listed on CoinMarketCap,Hiring Affiliate BD role,TBD (building program from scratch),Hiring Affiliate BD to expand global KOL network. Founded Aug 2020. Growth mode.,8
Quantoshi,Copy Trading,Yes,Twitter,https://www.quantoshi.com,Apply via site,Top-tier commissions (custom),Copy trading platform. Converts KOL followers into volume. 5x volume claim. Private affiliate network.,8
Spartans,Crypto Casino,Yes,Web,https://spartans.com,Apply via site,CPA + RevShare + Hybrid (scales with volume),New casino positioning against Stake/Betfair. Fiat + crypto. Real-time analytics. Latin America focus.,8
Extended,Perp DEX (Starknet),Yes,Web,https://app.extended.exchange,Not public,10% of trading fees + sub-affiliate earnings. 1.2M points/week Season 1.,Ex-Revolut team. 50+ perp markets incl TradFi (EUR/USD gold oil SPX). Pre-TGE. 100x leverage.,8
HyroTrader,Crypto Prop Firm,Yes,Web,https://www.hyrotrader.com/crypto-affiliate-program/,info@hyrotrader.com,10-15% tiered + cash bonuses up to $500 + sub-affiliate,First Bybit-integrated crypto prop firm. 500+ pairs. Custom giveaway support. 48h crypto payouts.,8
Lighter.xyz,Perp DEX,Yes,Web,https://app.lighter.xyz,Not public,25% of referral points. 250K points/week Season 2.,Zero-fee perps. Scarce invite codes. Pre-TGE airdrop play. Actively discussed on CT.,7
AltSignals,Trading Signals,Yes,Web,https://altsignals.io/affiliates,Apply via portal,25% scaling to 35% lifetime at 125+ customers,Crypto + forex signals + AI tools. Banners/email templates/social creatives provided. Monthly recurring.,7
Bluefin,Perp DEX,Yes,Twitter,https://bluefin.io,Not public,Share of trading fees + exclusive perks,On-chain DEX. Just launched affiliate program. Perps + spot + lending. Early stage.,7
KAST,Crypto Platform,Yes,Twitter,Not confirmed,Not public,Cash USDT commissions per signup,Directly calling for KOLs and influencers on X. Cash USDT rewards.,7
Baltex,Multichain Swap,Yes,Twitter,https://baltex.io/affiliate,Not public,1.5x lifetime commission + up to $500 USDC/month for ambassadors,No KYC. High payouts. Lifetime commission. Ambassador program active.,7
HyperX Pad,Launchpad,Yes,Twitter,https://hyperxpad.com,Not public,1% extra commission on investments + 25% APR stake reward,Launchpad specifically targeting KOL ambassadors. DeFi ecosystem.,7
Margex,Crypto Exchange / Copy Trading,Yes,Web,https://affiliate.margex.com,Sign up directly,Flat 40% on all trades. Daily BTC payouts.,No application needed. $346K paid last month alone. Simple model. Copy trading focus.,7
FunderPro,Prop Firm,Yes,Web,https://funderpro.com/become-a-funderpro-affiliate/,Via portal,5-20% first sale + 2.5-10% recurring. Weekly USDC.,"One affiliate made $47,595 in 30 days. Up to $1,200/trader. Multilingual.",7
Shuffle,Crypto Casino,Yes,Web,https://shuffle.com/affiliate,Dedicated manager assigned,Up to 45% theoretical edge RevShare,Fast-growing. No negative carryover. No activity quotas. Custom bonuses from manager.,7
Rollbit,Crypto Casino / GambleFi,Yes,Web,https://rollbit.com/partnership-program,Via application,10-20% of house edge. Custom deals at 500+ players.,OG GambleFi. Requires exclusivity + weekly content. Daily BTC/ETH payouts.,7
Roobet,Crypto Casino,Yes,Web,https://roobet.com/affiliates,Via portal,25-35% RevShare tiered by FTD count. CPA/CPL/Hybrid available.,Dedicated Crypto Growth Manager. 30-day cookie. Monthly payouts.,7
BC.Game,Crypto Casino,Yes,Web,https://bc.game/affiliate,Via platform,Up to 25% NGR + $10-$1K milestone bonuses per VIP advancement,Daily calculations. Instant withdrawals. No minimum threshold. Personal manager at scale.,7
Duelbits,Crypto Casino,Yes,Web,https://duelbitspartners.com,Via portal,15%+ RevShare negotiable. 10% house edge on wagers.,Requires YouTube 10K+ subs or Kick 200+ concurrent. BTC/ETH only.,7
CoinPoker,Crypto Poker,Yes,Web,https://coinpokeraffiliates.com,Via portal,30% RevShare lifetime in USDT,Largest crypto poker site. 200K+ players. Underserved KOL niche.,7
Cloudbet,Crypto Casino,Yes,Web,https://www.cloudbet.com/en/affiliates/,Via portal,30% NGR RevShare + 0.2% sportsbook turnover. Lifetime. BTC payouts.,Less saturated than Stake. Unique turnover bonus. Min 5 active customers in 3 months.,7
Stake.com,Crypto Casino,Yes,Web,https://stake.com/affiliate/overview,Support for negotiations,Default 10% on ALL bets (win or lose). Higher negotiable.,Largest crypto casino. Commission on all bets regardless of outcome (unique). Instant payouts.,7
SabioTrade,Prop Firm,Yes,Web,https://sabiotrade.com/affiliate,Via portal,30% starting rev share up to 70%. $100 CPA option.,Highest prop firm commission. Instant payouts. Biweekly schedule. Dedicated manager.,7
Goat Funded Trader,Prop Firm,Yes,Web,https://www.goatfundedtrader.com/affiliate,support@goatfundedtrader.com,8-20% tiered (8% start to 20% at 500 refs),Copy trading features too. Branded merch at scale.,7
Blue Guardian,Prop Firm,Yes,Web,https://www.blueguardian.com,Via dashboard,10-20% + free $5K funded account on first referral,New affiliate dashboard. Every $1K sales = five $25K accounts OR 15 giveaway accounts.,7
E8 Markets,Prop Firm,Yes,Web,https://e8markets.com/affiliate,Via portal,15% + custom codes yield up to 9%. Cash prizes + lifetime.,Paid $68M+ to traders. Accounts up to $1M. 100% profit splits.,7
Crypto Street,Crypto Prop Firm,Yes,Web,Search for site,Not public yet,TBD (brand new March 2026),Launched March 2026. Up to $200K funded. 90% profit share. Zero saturation.,7
Phemex,Crypto Exchange,Yes,Web,https://phemex.com/kol/home,Via KOL page,Up to 60% + 10% sub-affiliate + PT token staking,Dedicated KOL homepage. Own a piece of Phemex through PT staking.,7
XT.com,Crypto Exchange,Yes,Web,https://www.xt.com/en/affiliate,Via platform,Up to 50% standard / 65% Super Partners. Lifetime. Daily T+1.,Tiered rewards. Custom referral codes with fee discounts.,7
LBank,Crypto Exchange,Yes,Web,https://affiliate.lbank.com,affiliate@lbank.com,Up to 50-60%. Daily payouts. 10% sub-partner earnings.,Requires 10K+ followers or 100+ community. Dedicated affiliate management platform.,7
Bigrock Exchange,Crypto Exchange (P2P+DEX),Yes,Twitter,Not confirmed yet,Not public,TBD (brand new Jan 2026),Brand new. Campus ambassador model. P2P + DEX aggregator hybrid. Very early stage.,6
OrangeX,Crypto Exchange,Yes,Web,https://www.orangex.com,Not public,TBD,Founded 2021 Seychelles. 200x leverage. Small exchange. Cold-pitch target.,6
Coinrule,Trading Bot,Yes,Web,https://coinrule.com/affiliate.html,Via portal,Up to 30% commission. $251+ per referral.,7900+ affiliates. Marketing materials provided.,6
SpeedBot,Trading Bot,Yes,Web,https://speedbot.tech/affiliate,Via portal,25% credits lifetime,Smaller platform. Lifetime credit structure.,6
Cryptohopper,Trading Bot,Yes,Web,https://www.cryptohopper.com/affiliate-program,Via portal,10-15% per sale,Established bot platform. Dedicated affiliate manager.,6
Prop Firm Match,Prop Firm Aggregator,Yes,Web,https://propfirmmatch.com/join-affiliate-program,Via portal,10% on first-time purchases,Aggregates and compares multiple prop firms. Good for referral content.,6
theKOLLAB,KOL Agency,Yes,Web,https://thekollab.io,Via site,N/A - agency,Connects KOLs with Web3 projects. Register to get deals.,N/A
KOLHQ,KOL Agency,Yes,Web,https://www.kolhq.com,Via site,N/A - agency,Crypto KOL matchmaking. Singapore. 40% higher conversion via Telegram KOLs.,N/A
Coinbound,KOL Agency,Yes,Web,https://coinbound.io,Via site,N/A - agency,750+ crypto influencer network. Get listed as KOL for hire.,N/A
Hypefy,KOL Agency,Yes,Web,https://hypefy.ai,Via site,N/A - agency,AI-powered influencer hiring. List yourself as available.,N/A
CryptoKolz,KOL Discovery,Yes,Web,https://cryptokolz.com,Via site,N/A - directory,Platform for listing as Telegram crypto KOL.,N/A
KAIKA Agency,KOL Agency,Yes,Twitter,Via @kaikaagency on X,Via Twitter,N/A - agency,Web3 KOL agency connecting KOLs with exchanges.,N/A
Monetize Magnet,Forex Affiliate Network,Yes,Google,https://monetizemagnet.com/forex-affiliate-program/,Via site,N/A - network,Aggregates forex broker affiliate programs.,N/A
ForexInfluencers.com,Forex Influencer Network,Yes,Google,https://forexinfluencers.com,Via site,N/A - network,Connects forex influencers with broker deals.,N/A
